"","PC1","PC2","PC3","PC4","PC5","PC6","PC7","PC8","PC9","PC10"
"1",0.0525574537019535,0.043264297300935,0.0593068044901502,0.0240388390737753,0.0116798926647416,-0.0038596256827407,0.00187514056839419,-0.0564925173071612,0.101300582063,-0.0151191917662471
"2",0.0525625680750461,0.0429308833007878,0.0592431649125328,0.024642699718264,0.0121074294138343,-0.00311668265637995,0.0018367102345899,-0.0566428097269144,0.101631526414999,-0.0149285442094539
"3",0.0525363671984469,0.0426906215745823,0.0595051045311606,0.0251407702511424,0.0121562422723449,-0.0035878443089811,7.06429915894422e-05,-0.0556135990209828,0.102063995261976,-0.0145563283745591
"4",0.0526218683117237,0.0412673324430699,0.058907052060539,0.0250131955917158,0.011290730450019,-0.00620744717905027,-0.00291960950500254,-0.0552218977393413,0.0961925798456762,-0.0151565068894453
"5",0.0525975562982906,0.0407477292988316,0.0584106504372247,0.025265623495993,0.0119464946731528,-0.00572434058582842,-0.00406817175594634,-0.0550534950398992,0.0964678992553877,-0.0142984717178053
"6",0.0526047341104041,0.0412220442204141,0.0589663120780538,0.0247750646594026,0.0117608895845301,-0.00794064181891467,-0.00442136474869292,-0.0571646976033789,0.0981164480013056,-0.0156332429949543
"7",0.0526151091030691,0.0428591527909312,0.0558604835031506,0.0233926292063601,0.0103515338541581,-0.0102490936443629,-0.00255366774938371,-0.0609951337978585,0.102325430592178,-0.0154886861798338
"8",0.0526190885256572,0.0429132146680838,0.0561091116338158,0.0225712237049349,0.00959691515721239,-0.00996161704067464,-0.000919372411276717,-0.0629252428405323,0.0999218411428997,-0.0211212760203022
"9",0.0526405592797788,0.0443061281769204,0.0523588741261422,0.0212011136681972,0.00731422446020069,-0.0162537399630882,0.000674185962803879,-0.06625121522512,0.103238089059551,-0.0249327897095874
"10",0.0526336481606868,0.0441345272730159,0.0515508521236722,0.0209448364566695,0.00795496603066113,-0.0151293270595532,0.00148413304612762,-0.0652245327762482,0.102086009018348,-0.0243360075152576
"11",0.052636137362066,0.0442528239165529,0.0503660768852655,0.0202183975866306,0.007475571323932,-0.0149105141435886,0.000684252977682726,-0.0705016408966214,0.102503757664249,-0.0258422774877854
"12",0.052672925962535,0.0443792910680299,0.0505847032428009,0.0199329494384111,0.00781189324965215,-0.0170947080553214,0.00204872130644851,-0.0683202931041674,0.10318428331045,-0.024199766177241
"13",0.0526632081307221,0.047043212106609,0.0477105828796502,0.015332078651454,0.00664029991243261,-0.0197552357122707,-0.00192609629758721,-0.0785340305837512,0.107049737092762,-0.0169858208741555
"14",0.0526407470788116,0.0470412939690669,0.0474708603453272,0.0150223309865338,0.00670744004321524,-0.0198887461685293,-0.00303356786596748,-0.0801894994788485,0.106273030324501,-0.0185845492991906
"15",0.0526072367267866,0.0469515377887456,0.0475592066896846,0.0150481847370902,0.00705551613046444,-0.0174397562719248,-0.00345807093736794,-0.0768480274410479,0.104494689093518,-0.0156887342393815
"16",0.0526365920170357,0.0469913169197697,0.0466967224645893,0.0144929729569931,0.00696321146831875,-0.0221798061284928,-0.00164521110222104,-0.0773384702646224,0.106128459179278,-0.0196959899971871
"17",0.052678006397768,0.0470065144919379,0.0463275226042277,0.0144930994658414,0.0068358768143224,-0.0206506415449277,-0.000630408033579624,-0.0793751595281547,0.105306023920115,-0.016014648234927
"18",0.052655565783415,0.0465828329142718,0.0436683409528621,0.016269357675608,0.00803047510661089,-0.0229681071555845,0.00825774658684543,-0.0839882261622558,0.104720924580658,-0.0122955990529443
"19",0.0527983971687556,0.0450208552989432,0.0404303271474988,0.0141899939736706,0.00621907741047008,-0.0251633779322197,0.00677553413854103,-0.06761489554211,0.0701494483395675,-0.00232811825821756
"20",0.0527512381391286,0.0448387751474638,0.0398769361420799,0.0139649199580982,0.00665188207492801,-0.0219357547684901,0.00599106601478952,-0.0665644133627801,0.0673358817262484,-0.000360108674839404
"21",0.0527848821694743,0.0449284839569983,0.0397517157088141,0.0146565078401275,0.00681146586228086,-0.025501821868769,0.0082698241397586,-0.0685099120282355,0.0729615326539078,-0.00427065619440716
"22",0.0527785427076477,0.0454028015735339,0.0380043012139779,0.013733080565508,0.0082388156261681,-0.0297807086520558,0.00601349644804428,-0.0637551624067087,0.0741618099865105,-0.00142506855484948
"23",0.0527515076892812,0.0451022283348939,0.0397877977908478,0.0147642726881187,0.00866811155916538,-0.0277334768329096,0.00477900546503752,-0.0609334893397794,0.0724795488301726,-0.000941271883824474
"24",0.05273149537639,0.0459915693086732,0.0427281763205528,0.0125671750886634,0.00779087108932467,-0.0268471794635315,-0.00525806349030011,-0.0555269169319626,0.0750441781892534,-0.00491212938000226
"25",0.0527137892833482,0.0458265142345408,0.0429682281039962,0.0117288731750207,0.0075762647204151,-0.0244873079902473,-0.00828854884849855,-0.0532172260638406,0.0722119676191137,-0.00294017484941199
"26",0.052749373518977,0.0465356814872291,0.04277515719035,0.0107527311007997,0.00694011715947611,-0.0300918737125976,-0.00758976509370528,-0.0548917258535822,0.0768245478472826,-0.00485695667753715
"27",0.0527617260428602,0.0463007284025528,0.0424432318115039,0.0106358984972547,0.00711680587815408,-0.0298544518843684,-0.00707145841659864,-0.0570615224185147,0.0775451980553065,-0.00402664857230866
"28",0.0527447380585259,0.0464813521528035,0.0415841122787564,0.0106408127474446,0.0066029764324808,-0.030570224118963,-0.00618442776335495,-0.0558790152237085,0.0755012493854529,-0.00634374038577439
"29",0.0527852647987409,0.0464137567507399,0.0418638184297125,0.00987673277342555,0.00675851090247794,-0.0310268169866944,-0.00645046317329636,-0.0569550888975468,0.0767585298120962,-0.00584274357316196
"30",0.0527596938787873,0.0464414404734852,0.0405166319094574,0.0105062957238912,0.00644834816224551,-0.0310039265184635,-0.00527589975718255,-0.0548647795915622,0.075075268215703,-0.00793953031927853
"31",0.0527522213411607,0.0461974010838335,0.0405694990357567,0.0100644663145328,0.00672562063699198,-0.0291292726287688,-0.00580495184532854,-0.0558753421499334,0.0746566868966613,-0.00543675217292274
"32",0.052788377657693,0.0464212550161588,0.0413478054875505,0.00975983555772231,0.00610578059255557,-0.0321436638847275,-0.00664060216449239,-0.0565565684949139,0.0744692725845328,-0.00533097208492796
"33",0.0527649684437673,0.0470683851435898,0.0417250019639508,0.00776146222766751,0.00661016278952441,-0.0379834984126066,-0.00707470642070702,-0.0513550668878674,0.0763377315671557,-0.00552398704654229
"34",0.0527654195068977,0.0470468382775199,0.041669822253019,0.00776855670718583,0.00663464114771391,-0.0376972365144065,-0.00725021388248811,-0.0516613320206889,0.076434191859062,-0.00509831786642333
"35",0.0526976604320237,0.0460599895528657,0.0402317132454899,-0.0273480600427461,0.0233007803405096,-0.0678813921768627,-0.00699741214899933,0.00725696691735679,0.0642096721399369,0.0328148548297762
"36",0.0526291800897674,0.0469127534991189,0.0403045901563612,-0.0294402155055439,0.0231339841375277,-0.0652246494205137,-0.00896447538930885,0.00942878668539131,0.0615681589287752,0.0346247144332324
"37",0.0526559133799439,0.0471993439811834,0.037925921209771,-0.0356335964773581,0.0217228554599816,-0.073316862520902,-0.00230799866499845,0.00586815756156434,0.0550526304274212,0.0233129498060131
"38",0.052618803403518,0.0491843414542466,0.0369451492950231,-0.0443501172724546,0.0182248745259278,-0.0808435727119022,-0.0215363775228289,0.0145994083158597,0.037628359113356,0.0230313694805732
"39",0.0526119238990019,0.0492511353844054,0.0368057901859411,-0.044450236278508,0.0180095252242491,-0.0815348133349932,-0.0226571896912783,0.0151492727750343,0.0369865972398058,0.024083321829219
"40",0.0523794123435522,0.0455008550728131,0.0360571158464368,-0.0528636740510053,0.0334403796394731,-0.0791160213509447,0.00572237068958504,0.00453054316564616,0.0231675518381022,0.0583364216963974
"41",0.0525748465709423,0.0494220888659346,0.0364365170634879,-0.045091706638248,0.0180874717846951,-0.0783588631742797,-0.0231158392406667,0.0163299007708913,0.0340244490747341,0.0252059036360503
"42",0.0525677620426338,0.0501191946264621,0.0382201849347525,-0.0450121314787562,0.0190024221870886,-0.0812255992452759,-0.0182298023465892,0.017635745857818,0.0360879283578039,0.0191353853667031
"43",0.0525640715372473,0.0502525842806858,0.0381479018175476,-0.0454258017924062,0.0186384580391422,-0.0808868813585559,-0.0191519694144804,0.0170317428516308,0.0361895623459768,0.0192705951100867
"44",0.0526029773858462,0.0494972230931075,0.0140159365727433,-0.0565410283252104,0.0170753518700524,-0.0953643883299001,0.00769673847929866,0.013825347826108,-0.0110378867700882,-0.0091563215296549
"45",0.0526813715361673,0.0481848259204167,0.01377497071702,-0.0565430680851805,0.0171005410216702,-0.0965322563304679,0.00722430134268623,0.0147414209053569,-0.0155017798929416,-0.00845068190864295
"46",0.052644337997856,0.0478913108407053,0.013595685024311,-0.0567941077974789,0.0174272032554776,-0.0949590752589403,0.00542025719651253,0.0162556231326509,-0.0174463515096544,-0.00609560797123735
"47",0.0526902647804852,0.0480038683869764,0.0137428818737549,-0.0564644441861553,0.0172088146517064,-0.0980839198853926,0.00691578180851261,0.0150878473903148,-0.0156402079121911,-0.00750453035130013
"48",0.0526933523598142,0.0480260007392966,0.0135758959612855,-0.0564372716458003,0.0173028316801199,-0.0977586061157185,0.00709560560114988,0.0151471925481469,-0.0158698663201713,-0.00755711128027317
"49",0.0526816012084748,0.0479312888199966,0.013967979427013,-0.0561254120522965,0.0174368997981558,-0.0967368156181585,0.00691133034088942,0.0165788204000697,-0.0178209537582223,-0.00764686132569074
"50",0.0525803486717633,0.0463192638236136,0.0185464659518536,-0.0554296352119861,0.0131112352607406,-0.0988483547225753,-0.0158475117460365,0.0229255303829746,-0.0262467401622185,0.0268437645467881
"51",0.0525173937554995,0.0461960113530353,0.0170985237711999,-0.0549933396869104,0.0135356124915388,-0.0964089650099368,-0.0148167535332643,0.0237210812837724,-0.0240418140138538,0.0233530270143143
"52",0.0525912137473469,0.0459741136003991,0.0177252916066169,-0.0555950112495085,0.0125817376472145,-0.0992799829359248,-0.0148726873211241,0.0225241302715872,-0.0259473849203597,0.0256270230611673
"53",0.0526085563409063,0.0458998053161662,0.017858659048679,-0.0550861472190726,0.0127367716262508,-0.0989251004180731,-0.0143760672545005,0.0234570152148887,-0.0271552151275951,0.0254550314443257
"54",0.0525998288958255,0.0460120987314407,0.0180590485041965,-0.0552246188051676,0.0128674778353694,-0.0990893411740124,-0.01410512969673,0.0243380091370911,-0.0278463727793743,0.025262733899092
"55",0.0525512370029941,0.0461644165651526,0.0179278312724168,-0.0549384972323612,0.0125146234072388,-0.0990964870202559,-0.0145080725778047,0.0254439763317203,-0.0279420732508388,0.0236722940149486
"56",0.0526373945383095,0.0477701938319707,0.0135113316551234,-0.0570464038002965,0.0160360485206367,-0.094540780702154,0.0078531447944584,0.018541111899477,-0.022938040894394,-0.0141234714880959
"57",0.0526649195262434,0.0482196789373724,0.013762557783814,-0.0568224095983429,0.0159484257520312,-0.0971111421790152,0.00903128220110049,0.0171032696614336,-0.0224561697426793,-0.0151023237893199
"58",0.0526803111527646,0.0478359694203939,0.013619926145432,-0.056344788388915,0.0158339185728272,-0.0973106098891718,0.00871602641821824,0.0160848095027242,-0.0212374626756941,-0.0158102800694053
"59",0.0526859363047483,0.0473342897666755,0.0133603467792258,-0.0562159550115321,0.0169832389884974,-0.0953704354484457,0.00857411818644035,0.0157547859036407,-0.0225238361380422,-0.0139157708127237
"60",0.052686641563554,0.0474960193637041,0.0133925387703954,-0.0564346511380969,0.0163113859218021,-0.0963982367760805,0.00878851702200281,0.0156120408767247,-0.0215888085823044,-0.0129774409311401
"61",0.0524346646529384,0.0439578202413077,0.0125166512174236,-0.0652794599597596,0.0316719833595564,-0.0934989854546853,0.034655573155415,0.0020176284389011,-0.0363725248345962,0.0172889260430403
"62",0.0526438322463058,0.0481008361557596,0.0131723874450282,-0.0579016393788372,0.0155494963254366,-0.0950537070658494,0.00440479325366044,0.0113149031958565,-0.0214661025442523,-0.0161743042483411
"63",0.0526706706442372,0.0478544065857075,0.012469973573422,-0.057523008520627,0.0156588874759531,-0.0960024466662413,0.00641171029580468,0.0114028907963326,-0.0233459083836338,-0.0145122921605427
"64",0.0526035891757857,0.0478158489032833,0.0113537644332791,-0.0573436191661778,0.0149941244601466,-0.0894133503327442,0.00645839146240143,0.0123297785543068,-0.0249473782010366,-0.0201468150918593
"65",0.0526686605241657,0.0477352832413717,0.0128710129985541,-0.0578370156365282,0.0146815012262473,-0.090289307696073,0.00529036298358969,0.015511601522916,-0.0285377387594983,-0.0155965819405662
"66",0.0527054867997308,0.0477988149149422,0.012798279415041,-0.0571073560705109,0.0142864164037806,-0.0932313133503202,0.00750036142359043,0.018204720291582,-0.02860379482983,-0.0148010812823495
"67",0.0526752311081549,0.047755179394782,0.0133384044719289,-0.0575111082390857,0.01456804544198,-0.0930648161097449,0.00626215379559571,0.0187332499330212,-0.0286809029934947,-0.0165876786622667
"68",0.0526900375368116,0.0477297347297149,0.0132057626818965,-0.0576736124519072,0.0141408398113094,-0.092908527948375,0.00610160399684173,0.0183247707280677,-0.0275713828489375,-0.0164629164492268
"69",0.0525314542867564,0.036489960875422,-0.0127118609886661,-0.0752194150207103,-0.0160959212675094,-0.0342132057482762,-0.0271529906766058,0.0980875912858969,0.0365529581860489,-0.056078445324785
"70",0.0525768555638946,0.0365584042544402,-0.0127803406695711,-0.0748722643832766,-0.0162447647468829,-0.0349034942944652,-0.0255494773941,0.0985345132901528,0.0368814905249977,-0.0556229138429576
"71",0.0525873515271564,0.0363890317852878,-0.0120434103741002,-0.0746095232288064,-0.0158826229611327,-0.0372326986098077,-0.0253037395931017,0.0991461032486444,0.0394324632235397,-0.0578159676222725
"72",0.0525861359609645,0.0363969148641001,-0.0125875162578226,-0.0746300114153705,-0.016215935515344,-0.0369422948142507,-0.025319402143636,0.0984602778433603,0.0386006631011542,-0.0571622591319772
"73",0.0525893854227201,0.0371356446560741,-0.0150607677881138,-0.0746755005421205,-0.0171062567554215,-0.0347520220059177,-0.0254326325408618,0.0941324797657828,0.0396276121977178,-0.0537988182981216
"74",0.0523818122627292,0.0199457729417447,-0.0331669903805232,-0.0880642852128243,-0.00650896827847124,0.0193530981057541,-0.0107208763770904,0.0999367462383442,0.0748708623475104,-0.008886218372099
"75",0.0522040783220814,0.0133148925772798,-0.0311879071276081,-0.0996304850863999,0.0155874397460416,0.0388912826388786,0.00219265098457234,0.0947124957808263,0.0909035504192465,0.0113176171272866
"76",0.0524193558224577,0.0203976512610413,-0.033678741311678,-0.0880914380278354,-0.00725039357428196,0.0194310097736635,-0.00598310747882035,0.0975008755042912,0.0803825926185226,0.000109013034983038
"77",0.052406982182328,0.0199424522758788,-0.03328384553365,-0.0910664340512785,-0.0101536438028172,0.0244853471663391,-0.00741018179161496,0.10060316105093,0.073595567892931,0.00786609158447711
"78",0.0526108061802267,0.0266326384600581,-0.0360421416911728,-0.0784099270809101,-0.0331922147737655,0.00543900334811999,-0.0187305041594106,0.103945021110802,0.0562766689828953,-0.0131681756373126
"79",0.0525545729896323,0.0266083088299937,-0.0361008029677032,-0.078554059455419,-0.0330596170214465,0.00855632035256454,-0.0201695766465587,0.105976767919807,0.054265446219421,-0.0117165653938711
"80",0.052619429093623,0.0263536662125334,-0.0365820688540985,-0.0785227399973687,-0.0328903785326579,0.00595211201722205,-0.0193002355946169,0.105748331824839,0.0543234718699777,-0.0106138923920563
"81",0.0526339197974837,0.0261349940765151,-0.0361590694503397,-0.076683838959445,-0.0330369421401125,0.00879557108858564,-0.0184347131506376,0.103295346329414,0.0537874714847595,-0.0112915294366733
"82",0.0525696857736357,0.026447396287142,-0.0374579795713011,-0.0783951248367276,-0.0372978974168403,0.0180849852476678,-0.0316101565963574,0.0932730628830666,0.0319116354346317,-0.0168208557106727
"83",0.0525712712340551,0.0262473035341412,-0.0370157023728694,-0.0792886348805381,-0.0382264974818741,0.0197114904330774,-0.032604519046396,0.0942001480060464,0.0301625897527371,-0.0142614719261592
"84",0.0525336703194286,0.0253963039381613,-0.0405045674156172,-0.0776291391395425,-0.0362276991949414,0.0222251297806179,-0.0235978929951638,0.0896070388747823,0.0256352997923865,-0.00919897890352434
"85",0.0525378690720915,0.0262542672964933,-0.03733442734475,-0.0789174832313895,-0.0375722207135798,0.0225208944330771,-0.0336330039218196,0.0942579151691384,0.0283833260426777,-0.0143051775342567
"86",0.052650985248905,0.0475810421643755,0.00760455398218233,-0.0598186555016385,0.00527216822189892,-0.0673281042962645,-0.00644766259718846,0.00449281780774842,-0.0636323957885539,-0.00577668882424663
"87",0.0526084795586854,0.0480029687999906,0.00670475788636942,-0.0601540510106767,0.00395672680035005,-0.0659382103895287,-0.00670084799645393,0.00178954515520707,-0.0655661962614823,-0.00559522311017694
"88",0.0526686590193271,0.0478494091078003,0.00701897223681279,-0.0592481458686647,0.00524349702815109,-0.0684146420189039,-0.00476527988572909,0.00130966654979963,-0.0629407135949598,-0.00668492087337971
"89",0.0526497815209899,0.0467882416045174,0.00197602615749007,-0.0572203662983308,0.00641636612318862,-0.0682319492879585,0.00773110233434213,-0.00657151205145337,-0.0679492277753217,-0.00487851872550989
"90",0.0526345488573951,0.0462629276104308,0.00173432336830558,-0.0572887731026026,0.00689215340378105,-0.0661084232918157,0.00756590109817128,-0.00731852763903508,-0.0681417705956377,-0.00347961270590034
"91",0.0526632873189599,0.0464207055430895,0.00453031883212247,-0.0598398393625248,0.00472420875939773,-0.0652183427338617,-0.00203070208044441,-0.0018933875474667,-0.0679323881120961,-0.00466112236668364
"92",0.0526234309131297,0.0477112464815788,0.00312729182830769,-0.0639067697326359,-0.0014471920029623,-0.0537314614853428,-0.0100678782644246,-0.0146154605958696,-0.0792613222765516,-0.00272031853736965
"93",0.0525976692548361,0.0471133097541818,-0.000738462835538669,-0.0614067612591003,0.000555125310518849,-0.0545045906984249,0.00151394043171778,-0.0198646505040589,-0.078578584090873,-0.00241567661609336
"94",0.0525117213076371,0.023828930823933,-0.0407199788622397,-0.0797440056476501,-0.0422285784332936,0.037694169532681,-0.033946333935807,0.0852334011305543,0.00620044454330008,-0.0168510740808561
"95",0.0524789264861729,0.0257982184351111,-0.0457223946885867,-0.0810464233486794,-0.0408674110638678,0.0369717741712069,-0.0281231945987036,0.0697366535032565,0.0118944205762755,-0.00831106402954399
"96",0.0525053346348936,0.0259246436141359,-0.0457879446554052,-0.0810182462607929,-0.0413185892155808,0.0357918041600103,-0.0278853534021104,0.0686650368112966,0.0124844885414436,-0.00824350210661801
"97",0.0524817698782682,0.0267385420950724,-0.0459198606225112,-0.0838547133140076,-0.0441886732789849,0.0452716498981,-0.0416416380420595,0.0601100262777983,0.00547732414596027,-0.0136079807093564
"98",0.0524881087468857,0.0262828193760126,-0.04602166306785,-0.0832862583510295,-0.0450059382752659,0.0478908820994786,-0.0418178458386996,0.061767476087192,0.000529484442817168,-0.0139398258672584
"99",0.0524938591549406,0.0263483051771922,-0.0459672673641186,-0.0833762326779587,-0.0453638520363931,0.0491444300619212,-0.0423017753120517,0.061170271435272,-0.00019776834269423,-0.0117239208204526
"100",0.0524580366794417,0.0262280290810521,-0.046458656501917,-0.0834348996696701,-0.0450684934416151,0.0527102787049801,-0.0434120999072187,0.0614725680708171,-0.00274137423703601,-0.00890648094150335
"101",0.0525526914223071,0.0246924798847254,-0.047766373778401,-0.0795840973687621,-0.0422450346582293,0.0483475929383861,-0.029216047708779,0.0610272502092021,0.0166836847334398,-0.00289690095495368
"102",0.0524978411034086,0.0251609070549715,-0.0479902747360829,-0.0818166534560889,-0.0460881673159699,0.0535395899282622,-0.0418556860450258,0.0504483174405741,-0.00434556451927662,-0.00715540622568336
"103",0.0524870128532286,0.0252528089039006,-0.0473678414188575,-0.0826146185229277,-0.0468117873587634,0.0544349271039847,-0.044550050539334,0.0501807016478489,-0.00744561469205039,-0.00213287708106491
"104",0.0524769969049368,0.0242731175850498,-0.0464162683749538,-0.0815925278236729,-0.0484296504519469,0.0593355036816243,-0.0424059834961172,0.044550693533307,-0.0105607879102792,-0.00446480797267068
"105",0.0524464481007947,0.0244352317691608,-0.0459829402217516,-0.0822072699709007,-0.0491740838016727,0.0616240444852442,-0.0454242898871793,0.0444247870018833,-0.0120563210560303,-0.00121813903403584
"106",0.0525084326791084,0.0463813343167316,-0.00141733201423574,-0.0659315555263134,-0.010875845952352,-0.0255629740759721,-0.0315241447247754,-0.0470570778927883,-0.12600979953121,0.000300164225959863
"107",0.0525248173750408,0.046419551267595,-0.00156189873952932,-0.0658751045193232,-0.0105255095349167,-0.0271380066263685,-0.029861244095214,-0.0485389264153085,-0.124544952541154,-0.00111572035339395
"108",0.0525288127642934,0.046983381635599,-0.00140116421810853,-0.0638663565226532,-0.00731356582378523,-0.03321276510639,-0.015500004395637,-0.0454831576152582,-0.0992759417060661,0.00157994305506615
"109",0.0524706612668778,0.0473732864016476,-0.00197961581800528,-0.0671948096750388,-0.0108528373265626,-0.0289710868967391,-0.0293506889425008,-0.0512293391540164,-0.119385770909728,-0.00362286689137334
"110",0.0524124819521904,0.0473516277214905,-0.0019906246226328,-0.0672794703715077,-0.010709425602924,-0.0264906998744771,-0.0303346522336714,-0.0481063710217012,-0.121329804106752,-0.000857846715784555
"111",0.0525417926404103,0.0460367055573124,-0.0025015570210869,-0.0629293889828891,-0.00682625604541513,-0.0286968552315374,-0.0146275906264082,-0.0461454053484346,-0.105793479257014,0.00643207043751919
"112",0.0525807998007916,0.0458483758353822,-0.00180702725798261,-0.0625243116470462,-0.00607497766941191,-0.0299682373034858,-0.0154628325275862,-0.0460047137419525,-0.103931147432067,0.00390755461246881
"113",0.0525610753308606,0.0460173316420104,-0.00218897276695637,-0.062508197462647,-0.006029590118554,-0.0292383695275574,-0.0161189783421075,-0.047829778727853,-0.104427950923378,0.00724644971857733
"114",0.0525132498701368,0.0224514258579833,-0.0464137091721928,-0.0720939295119517,-0.0452266494607426,0.06957932612638,-0.0272451551055553,0.0296809879827035,0.00888740135528621,0.00826185389794325
"115",0.0525292156445023,0.0254654184668181,-0.0459486419908259,-0.0484668032909978,-0.0649532233264037,0.092890371263333,-0.0461598053012181,-0.0132801331465413,-0.00417189815197884,-0.0357246987989621
"116",0.0524725607618836,0.0258365732011428,-0.0458724470187257,-0.0497505876894593,-0.0682672374058511,0.0963593657639885,-0.0570880586501478,-0.0219649223442657,-0.0223903450558344,-0.0380027310993944
"117",0.0524736885906481,0.0254726353857541,-0.0460919686448061,-0.0490459750106216,-0.067837133295974,0.0960183321718081,-0.055904591206066,-0.0232618263320524,-0.0225264635881293,-0.038992580507691
"118",0.0524702479468324,0.0262379559922993,-0.0471131923789128,-0.0494144227259277,-0.0691740494219928,0.0990717257399425,-0.0563579527403679,-0.0284045397209547,-0.0219728039319136,-0.0384313147448442
"119",0.0524916419977371,0.0260582406311137,-0.0469806669985769,-0.0492946254430834,-0.0689325959799974,0.0989490608538124,-0.0556404137389021,-0.0276194252060532,-0.0228015202601294,-0.0374703815125394
"120",0.0524447263599245,0.0259543385628349,-0.0471614500563966,-0.0495042468074938,-0.069083509619039,0.10307605962404,-0.0574684926504755,-0.027301034476751,-0.0257475502296356,-0.0355251650028786
"121",0.0524395116372769,0.0258962425105604,-0.0478112146037865,-0.0490166579177567,-0.0696821339222479,0.103527352629884,-0.0573795933162046,-0.0318057727970597,-0.0255998814759786,-0.0358394955348783
"122",0.0525224688943576,0.0252077031322413,-0.049034649152479,-0.0454848930368928,-0.0680445243770531,0.0995521306252615,-0.0498651002608133,-0.0361772993022929,-0.0201963394722687,-0.0373430967238471
"123",0.0525193045918013,0.025208538427815,-0.0493015596646385,-0.0454263186386418,-0.0678777510284052,0.0998080236877105,-0.0493111256500669,-0.0373879296168586,-0.0206773940565616,-0.0387609782930222
"124",0.0525463978275169,0.0247456527828999,-0.0489402527759787,-0.0425187057526612,-0.0639527978603187,0.0971507678061509,-0.0364537584836754,-0.0351724234735555,-0.00144063115024557,-0.0350499886144608
"125",0.052507290601401,0.0242077203865982,-0.0493340503294744,-0.0419882133192151,-0.0641253680848767,0.101509325285377,-0.0371001685521109,-0.0350892897790639,-0.00537336522781825,-0.0327177811640448
"126",0.0525192436492285,0.0240346228960654,-0.0510950360141153,-0.0416241250271712,-0.0641830341665497,0.100071575496596,-0.0345248615770751,-0.0385149247830192,-0.00445925609916474,-0.0284732469512115
"127",0.0524664759949388,0.0282035126705433,-0.0320058462845113,-0.0516292999996363,-0.0402224351601865,0.0978551440861276,-0.0475165562914249,-0.100733161215767,-0.0607767715104068,-0.0621681576703017
"128",0.0524239747794057,0.0281832480108549,-0.0331189120954561,-0.0519757448423275,-0.0409281161426237,0.0994150445566668,-0.0479433364840769,-0.102267747779158,-0.0623265451607151,-0.0630548823028438
"129",0.0524654629739971,0.0272413275323265,-0.0330570830603675,-0.0504422180092581,-0.0398395297165856,0.0972231865375685,-0.046933306883082,-0.0997547805196183,-0.0593170440332457,-0.0619976102983734
"130",0.0524762761849352,0.0273650647587046,-0.032094931672979,-0.0507762574938778,-0.039210356052276,0.0987498165881543,-0.046108201115083,-0.0963664519872915,-0.0588017371293279,-0.0602305283311345
"131",0.0524971867058901,0.0281292553573384,-0.0320435027446222,-0.0512338307923521,-0.0397894760937154,0.0990899459722672,-0.044425796661642,-0.0983939216005479,-0.0596887827881437,-0.0601405953465365
"132",0.0526617560928639,0.0249885511045845,-0.0308067062039196,-0.0363874749729208,-0.0279373520619839,0.0958846258289144,-0.00121626036809736,-0.0957695349135115,0.0043660500614718,-0.0474999664788518
"133",0.0526711534030743,0.0250772611398829,-0.0314868109151856,-0.036397438221426,-0.0279613136467059,0.0954678526954063,0.000505523732849737,-0.0971797780116402,0.00491402625429942,-0.0474866440291038
"134",0.0526923599744204,0.0245963602609202,-0.030286076156251,-0.032484297091089,-0.0226593259777876,0.0844885016788847,0.0107071075587719,-0.0868627595538615,0.0150743350271161,-0.0491157747840939
"135",0.0526824188943754,0.0240865528938766,-0.0299155164196324,-0.0318208913523835,-0.0216977941964972,0.0864943237173654,0.00773321545268172,-0.0841795294281707,0.0151262418946687,-0.0483135621997612
"136",0.052617474791942,0.0244879125982306,-0.034904374898342,-0.033456619703016,-0.0273152443433445,0.0949904711814601,0.00981661334225865,-0.100048104564381,0.00198053360026761,-0.041336578869187
"137",0.0527597894745855,0.0316845277117918,-0.0301505570041479,-0.0073048826407333,-0.0245744825534633,0.0433593225620278,0.043738442149002,-0.125868677830206,-0.0291109238886867,0.0305693579092557
"138",0.052716489349065,0.0317526356841281,-0.0327180580187318,-0.00645539246494004,-0.0244468967927313,0.0451416365366998,0.0470814693582966,-0.129498226647827,-0.030163538373662,0.0342059487139811
"139",0.0527583570191789,0.0310290813401305,-0.0314083972270565,-0.00444103637676238,-0.022920905298069,0.0425919158620363,0.0499051001487999,-0.124233397870079,-0.025238279533209,0.0346497169178119
"140",0.0527462210067929,0.0305847278987173,-0.0314788210999621,-0.00412662087556452,-0.0221263467442261,0.0434302013898307,0.0501078727747176,-0.120869713276859,-0.0253744131222308,0.0358195855171042
"141",0.0528417027262,0.029748392186376,-0.0292954093736268,0.00011227733006862,-0.0163584607822851,0.0308516640123396,0.0590331381762013,-0.10967932971034,-0.0133824637782478,0.0321314516300683
"142",0.0528249202663636,0.0299269540014519,-0.0291565085111158,0.000293722421236965,-0.0161982512381968,0.0287084931691545,0.0599313744272066,-0.109992029625346,-0.0118844368062731,0.0311529327860275
"143",0.052827789786345,0.0298461048273023,-0.0287015479631241,0.000781366374446532,-0.016009594943363,0.0299376884793788,0.059086888982558,-0.108797163025594,-0.0125264276100681,0.0316197737810242
"144",0.0528203184057766,0.03028575033931,-0.0298074548597697,-0.000234484352187269,-0.016616579412606,0.030388237950097,0.0598815677256428,-0.112239516088804,-0.0140974372122902,0.0329457695800274
"145",0.0527472372717888,0.0261705340380131,-0.0513726982252873,0.00848921384717454,-0.0449232949510844,0.0387118068655506,0.0592457812978449,-0.0540663151376894,0.0154399387493686,0.0693341486760988
"146",0.0526232391679691,0.0271657870673886,-0.0540341873326104,0.00405631620059172,-0.0527180968451117,0.0535650142829578,0.051453203126287,-0.0725094680125469,0.0028040286184342,0.0778457143529081
"147",0.0526514200365911,0.0271137458466986,-0.0536151437153541,0.00546150035076004,-0.051837972660693,0.0488174315700287,0.0506879281325655,-0.0685829498229043,0.0105211716995646,0.0788465098406663
"148",0.0526160856216959,0.0271074270025305,-0.0548077245310639,0.00566428305949819,-0.0524021717244428,0.050746841101914,0.0496816652872188,-0.0718208918223271,0.00656126136356521,0.0818459507712743
"149",0.0526469326616289,0.0266929282280504,-0.0549046449362299,0.00583600504990631,-0.0518669147475882,0.0501623262868557,0.0499316507843971,-0.0733372637808612,0.00777750811137609,0.0837243730578773
"150",0.0524347760618335,0.0194176615146447,-0.0525840506545885,-0.00490596655096682,-0.0292339086968462,0.0693094809481542,0.062677437918674,-0.0757924273258017,0.0262133928451208,0.101381975076875
"151",0.0524870138510226,0.0180854386395473,-0.0511560209098062,-0.000688191222760923,-0.0227188154218129,0.0604188136085965,0.0710517041139861,-0.0644873441740868,0.036856632820885,0.101638895887427
"152",0.0525397872674848,0.0182133841344304,-0.0492620438865144,-0.000560335875405937,-0.0221043763528541,0.0573239870963837,0.0707514027010762,-0.0612433293065613,0.0360236129087016,0.103860571279627
"153",0.0527651108514602,0.0244524175879121,-0.0512310985020046,0.0115572999737804,-0.043574437457017,0.0344197510505847,0.0592626805602771,-0.0545479260577797,0.0203764003878169,0.0831409574522196
"154",0.0528223255375074,0.0239926331701557,-0.0495271161343692,0.00844638547626429,-0.0454133047534835,0.0378003630204311,0.0553646970693259,-0.0482332010519104,0.0128596370752959,0.0852938039538144
"155",0.0528055386405222,0.024505391892106,-0.0468347364635028,0.00694009453317776,-0.0465235409248194,0.0400719203765909,0.0449034766689815,-0.0427403968180619,0.014708420899264,0.0818742856544136
"156",0.0525702456418016,0.0201278078815072,-0.0670944125943095,0.0244537083367169,-0.0193670869177057,0.0290048472412703,0.0250261239427989,-0.0443429852797247,0.00817063684928519,0.0690468606143842
"157",0.0522347439149072,0.0174331043868037,-0.0952947065695163,0.0504304324365317,0.0339792532569988,0.0201896659629099,-0.0551305811546867,-0.0417112733255158,0.000993265175930469,0.0431147391002472
"158",0.0522412537165035,0.0133207609583245,-0.0949468334107996,0.0606242307662689,0.0388312227059545,0.020814364326098,-0.0452132632497001,-0.018475624290312,-0.0162843808004244,0.034071287743139
"159",0.0522494819110079,0.0135247043182176,-0.0967763522305282,0.0604389788945411,0.0410207261970982,0.0160805477313808,-0.0459897841449127,-0.0130218181691144,-0.0140119400723908,0.0365653641751957
"160",0.0522355227615388,0.0136740747292536,-0.0968475784019963,0.0605450901111646,0.0414141791191232,0.0169563467193076,-0.0463857037520027,-0.0114993717540678,-0.015863107587608,0.0361271510511488
"161",0.0521968141056893,0.0136218867712841,-0.0974112284280596,0.0602461481078571,0.0412992209120376,0.0199750816416374,-0.0462793925937007,-0.0111285336242678,-0.0171772472117493,0.0380511627085132
"162",0.0526455164941973,0.0165007497718674,-0.0687997823258702,0.0352429234225429,-0.00906720023231624,0.0186445722484326,0.0304665790369522,-0.00825044147657265,-0.00302110553868614,0.0592839281589002
"163",0.0528277712752807,0.0187892152050495,-0.0514028421202099,0.0211152835677136,-0.0328530901085304,0.0294005922310343,0.062802706500005,-0.00854196780936068,-0.000185180945665366,0.0789060939860056
"164",0.0528394725829561,0.0190497697617121,-0.0524381453944062,0.0204384675063625,-0.0338696709761175,0.0260869195888531,0.0626896581035873,-0.00811302136613738,0.00195321366167218,0.0736235409023147
"165",0.0528455364474593,0.0189829512745323,-0.0505327419240327,0.0266292077070633,-0.0319741965257416,0.0280346988002705,0.0579910305941612,-0.00327358043285149,0.0089654270297958,0.0818613328051402
"166",0.0522587436321792,0.00967743472440486,-0.0542992721286028,-0.0225389913003979,0.013920024209963,0.00893387937167556,0.11248829039092,0.0364759138258965,-0.0331051371827286,0.187890168094656
"167",0.0522748267187172,0.00968105327000134,-0.0547686010348455,-0.0222949541065349,0.0146447271193126,0.0083957669899553,0.112037161507198,0.0345526161602179,-0.0328111993555398,0.18922020470186
"168",0.0521875190720629,0.00999591115852884,-0.0550982530337547,-0.0221339996262689,0.0145428742702437,0.00595084736420423,0.112908997059342,0.0366516682351863,-0.0318553310133042,0.188278725215285
"169",0.0522635000168388,0.00997303484777561,-0.0548580300922479,-0.0221222849514609,0.0156887637160708,0.00328331832961839,0.11218324416881,0.0336674225276293,-0.0275651654881691,0.188886176291381
"170",0.0527237734320571,0.0178176954274039,-0.0525500169472538,-0.00683191039078975,-0.0140378630361433,-0.0060849579245441,0.0583005330917434,0.0546968312084572,0.00299871833213151,0.118489612619536
"171",0.052671642164148,0.0182816092455673,-0.0512524741168176,-0.00716906413505894,-0.0145323502311037,-0.00365747714378781,0.0474704088793596,0.0611177013014137,0.00315598336338548,0.114190842397847
"172",0.0525826352366085,0.0159877007303756,-0.0698078556306462,0.0480599427772478,-0.000723364409029098,0.0078859378163443,0.0282350643049486,-0.00479912882119163,0.0170965710321591,0.0513571530592747
"173",0.0522265165490576,0.0132836227848839,-0.0967951867914963,0.0722025781078614,0.0520478512513781,0.000161945480922221,-0.0535533959415379,-0.00574243508089499,0.0114519172661451,0.024687872927624
"174",0.0522279567644202,0.0132401279695219,-0.0964066636705425,0.0722550355263159,0.0526070523949795,-0.00060507124780208,-0.0529755386125243,-0.00402186525788653,0.0125108089151441,0.0238344405733584
"175",0.0521920436065502,0.0127703779134185,-0.0970115128788304,0.0724599784289317,0.0516695186030407,0.00313278963987351,-0.0548735966948094,-0.00348476643602855,0.00769656875752942,0.0204177862715669
"176",0.0521669528808516,0.0125882527934884,-0.0970599864640943,0.0728075754796405,0.0519364961312601,0.0053080137260739,-0.0548323530939881,-0.000107254478861985,0.00515109271536795,0.0229964749526411
"177",0.0522024378402955,0.0130211175027039,-0.0938585341903939,0.0706367506869955,0.0513996381189452,0.00647759588566609,-0.0646634176978161,0.00332209950661691,0.00753458246368576,0.0195310055042792
"178",0.0521733729090227,0.0269727668369214,-0.0568316391593787,0.0677436867206459,0.0930447302904478,-0.0334376507314109,-0.0614150263523284,-0.0704440210523691,-0.058664587796029,-0.0458138371457014
"179",0.0521835901488176,0.0271718710523031,-0.0569187371972184,0.0672099895519803,0.0940367221567994,-0.0371045824726303,-0.0613890342446578,-0.0750124953833004,-0.0517188570078543,-0.0453065836854369
"180",0.052190579631634,0.0243568550392336,-0.0538039353889152,0.0721402231723362,0.0957334877620169,-0.0353941915489319,-0.056331839779584,-0.0643977787845542,-0.0544979058934561,-0.0548527648866667
"181",0.0521340367857454,0.0263965766840507,-0.0545631851507929,0.0685598690806049,0.0957861415716572,-0.0359587175105112,-0.0621296071380302,-0.0652405169631217,-0.051919823719651,-0.0442106522058405
"182",0.0521969563499264,0.0266189757657806,-0.0566730762585935,0.0673410719016947,0.095419152120041,-0.0387505711868679,-0.0606734157256536,-0.0716534698062015,-0.0496096813484895,-0.0469065403267813
"183",0.0521743674296273,0.0261314285586822,-0.0561500949683565,0.0682358053215912,0.0963158786320984,-0.0453494537070956,-0.0596413671728513,-0.0664951532775607,-0.045427658657578,-0.0588694964385059
"184",0.052203583128709,0.0234926868133491,-0.0527825977504222,0.07300391476957,0.0974872796709423,-0.0429870080392515,-0.0549596922444866,-0.0560021543239234,-0.047046682796459,-0.0665847544418182
"185",0.052235782207173,0.01181425739925,-0.0963723880458447,0.0735792785795246,0.0556722138847903,-0.00563978219660852,-0.0522577774885022,0.00284945155548413,0.0159413191740118,0.00833234881907335
"186",0.0521990182410154,0.0112494117838226,-0.0969885365266064,0.0734750730810449,0.0550598518269807,0.000232710824224924,-0.0535088763089171,0.00443857406123585,0.0109597663267682,0.00814916011379561
"187",0.052215789348675,0.0118769003666626,-0.0949090198312804,0.0716307815555911,0.0532179097567622,0.00269043617504381,-0.0635232280182814,0.00618181400605102,0.0103212265927187,0.00388954168971423
"188",0.0521909111879271,0.011420887927738,-0.0977116312870523,0.0734583973412526,0.053753460162239,3.69536394594501e-05,-0.055482336179123,-0.000712086824295422,0.0100809922238528,0.00511982497354267
"189",0.052206547612631,0.0116536145773715,-0.0953402828503828,0.0740910382324082,0.0519815361448284,-0.00341370937981116,-0.0554596851520639,0.00297982541573192,0.013703647221712,0.00516680441394562
"190",0.0522380629171672,0.0108735009330042,-0.0957100212740906,0.0745861640491624,0.0531108824450702,-0.0057749929097822,-0.0523032175594656,0.00736258507019682,0.0146555888814522,0.00271959942377313
"191",0.0521850465955117,0.00807939387282401,-0.0926378022341283,0.0789195992858837,0.0546939727977798,-0.00118655967579858,-0.0489400983951793,0.0192291741067648,0.0116788666607743,-0.00661317836281152
"192",0.0521877215860973,0.005138011953437,-0.0909356306084501,0.0847644423613835,0.0575123022556821,-0.00608344001942608,-0.0424448610157281,0.0406514215837798,0.0085312863561721,-0.00719381457840412
"193",0.0521648550563133,0.00531079135064405,-0.0909344850175045,0.0844730843492562,0.0575171319255912,-0.00692575355853189,-0.0438858110759451,0.0381288964624834,0.00907891851131612,-0.00927005894463833
"194",0.0521596573332319,0.00500452201658935,-0.0909553535867799,0.0849690490288866,0.0575059592310636,-0.00883174337174619,-0.040184084507304,0.041319263468438,0.00987337523327817,-0.00835289268850719
"195",0.0522053359006738,0.00501700144835461,-0.0910245611115965,0.0845634375890543,0.0576968436445943,-0.00829010868162285,-0.0393319551727089,0.0426726972853898,0.00852225403675701,-0.00990010659763066
"196",0.0521195742029743,0.00400519656553245,-0.0927105752741723,0.086623327983273,0.0565767512052297,-0.0101205107511476,-0.034497692941306,0.0492233158142829,0.0104195147224527,-0.0183859826625147
"197",0.0521498635232034,0.00311756945248059,-0.0928939144350886,0.0870907870497187,0.0566288620435311,-0.0117556925492004,-0.0329756426553275,0.0522275460872518,0.00943668954914541,-0.0191749859269221
"198",0.0521289568982573,0.00329717624400141,-0.0929918227362676,0.0869588528060061,0.0564799257742001,-0.0136740326543157,-0.0326412828244978,0.0514777724958904,0.0102429555767404,-0.0185440370645469
"199",0.0521397120413981,0.00336043483799269,-0.0928228366784232,0.0869133732118178,0.055858691436505,-0.0136541071988582,-0.0331501547013408,0.0531790061619207,0.00831359637064854,-0.0191742284678651
"200",0.0521585300496799,0.00314430824964549,-0.092772391782931,0.0866455677319429,0.0561620624580092,-0.0137747847604887,-0.0328028778081909,0.0516920144644439,0.00938304199566297,-0.0189843999977349
"201",0.0521202782557564,0.00294821919177252,-0.0925051174979418,0.0864865199454943,0.0567207547882071,-0.010963964101369,-0.0338592073116031,0.0541738936648546,0.0076755773870519,-0.0172956247735313
"202",0.0521108833438777,0.00274915462462063,-0.0923500805390452,0.0872634891398533,0.0569083736315063,-0.0152679173528176,-0.0299106762430107,0.0546017072389629,0.012336480551712,-0.0209757138898019
"203",0.0521125195727022,0.00298795851000551,-0.0921667771834737,0.0870091653132652,0.0560370121290135,-0.0160568542753306,-0.030016599886208,0.0541247428560653,0.0132358023374739,-0.0227733494786096
"204",0.0521174974482684,0.00275310971957712,-0.0916500094891048,0.0868215448348872,0.055581982283521,-0.0174001041464467,-0.0286548384876522,0.05758405711936,0.013045629487999,-0.0231611748235377
"205",0.0520501161951538,0.00205957015842746,-0.0922195349151202,0.0880147668829306,0.0536919683021793,-0.0201228234984814,-0.02361353448104,0.062186804825539,0.0137400027536012,-0.0284222403649174
"206",0.0522341452107833,0.00291760576763928,-0.0798192825285497,0.0761314463556869,0.0244553807173145,-0.00702288379149891,0.0196823031742689,0.0580152917031368,0.00959180690749366,-0.00989979515352484
"207",0.0525485826849033,0.00584948461108374,-0.0517829683150739,0.0151043097056403,-0.0100338464705434,-0.0275859900924817,0.0960996932828621,0.113658827458605,0.00787026595546168,0.0577402544635679
"208",0.0525323440390403,0.00642169509395449,-0.0513534053584603,0.0152614477466787,-0.0102546591399192,-0.0328907658375332,0.0960306812207632,0.112812315854831,0.0131058406530801,0.0574991703380617
"209",0.0526357627030666,0.00639981805047782,-0.0498643385662649,0.0133759036723932,-0.0118064683978627,-0.0330720776065272,0.0977953094232981,0.10595072543973,0.0152298976906963,0.0562786488946435
"210",0.0526439214296716,0.00636472002917148,-0.0490304858353036,0.0122820637365479,-0.012282527714851,-0.0332903037190606,0.0991910073027416,0.106905232176554,0.0123325729777462,0.0499079390825241
"211",0.0524622452794595,0.00411143782684916,-0.0622982695880532,0.0249615995221099,0.010084780618281,-0.0391925642498036,0.0572799183542742,0.11581342222484,0.00720563131554026,0.0260169811644439
"212",0.0522928731352015,-0.0222815680040965,-0.0543647558993582,0.0239594464016073,-0.00358714472825953,-0.0618081289455689,0.0540055236024372,0.102816777068445,0.00368535467006527,0.0162117848426898
"213",0.0525805250197852,-0.0193070985547741,-0.0385525658805998,0.0462165153712359,-0.043906325117764,-0.0228689508588083,0.0974595976331213,0.0307500746076006,0.0192684175813845,0.00129673425156027
"214",0.0525677209900895,-0.019803641549603,-0.0385268574670568,0.0461294027572949,-0.0446607284772992,-0.0204504576277809,0.0968508487068239,0.0315766639950476,0.0148212781372281,-0.00332844890828883
"215",0.0525901012235768,-0.0200382973717505,-0.0381802230781139,0.0461912086086913,-0.0442360883581583,-0.0219119027708862,0.0980093144428497,0.0331037298192802,0.0155714012447078,-0.00248885955271988
"216",0.0525999270496971,-0.0201293366633021,-0.0377986704750932,0.0458976799407345,-0.044910536021463,-0.022738373074928,0.0983654442236599,0.0326124161376861,0.0156449996599623,-0.00300173469291167
"217",0.0525582673086242,-0.020449578906189,-0.0377561827308957,0.0454512204409244,-0.0449037843575184,-0.019372773048547,0.0964122375482815,0.0339273003373853,0.0141729662629984,-0.00197722185975435
"218",0.0520751341265,-0.0726750196023246,-0.0347301998059731,0.0552260744522619,-0.0439748121622764,-0.0769926792306321,0.0387087191326916,-0.00511431113511649,0.00191312878964211,-0.0546376102784837
"219",0.0520834176203535,-0.0724452763581068,-0.0345706285427827,0.0553247323820167,-0.0438859837477299,-0.0793757549818795,0.0393259463254271,-0.00559574060766639,0.00352256666166534,-0.0565184625365692
"220",0.05208322974849,-0.0724268041124991,-0.0365270001182386,0.0560869182203791,-0.0442601446504639,-0.0763871469427211,0.038753499613606,-0.0100984745720393,0.0003850230238055,-0.0528594080359392
"221",0.0520777971630059,-0.0725994117523003,-0.0351436125579524,0.055045323864655,-0.0443367774134666,-0.0769833966063679,0.0375065903332393,-0.0079720665550566,1.92933846639081e-05,-0.0569986582649531
"222",0.0520507513204095,-0.072664247933677,-0.0364170267720145,0.0558644938736113,-0.0441320088745606,-0.0729451249330528,0.0362054537636619,-0.0091624421718014,-0.00156951344627722,-0.0508814667385259
"223",0.0520779477118423,-0.0725448345708335,-0.0366955129533032,0.0560990678158646,-0.0440409579852044,-0.0747596002853439,0.0377915024551451,-0.0103210809531807,-0.000162034645842214,-0.0511069782706491
"224",0.0520734363254761,-0.0726308296342405,-0.0366564023149213,0.0558173438156239,-0.0441450106131419,-0.0763755230860951,0.0389905353500317,-0.0109050060090911,-0.0012638965834082,-0.0527726021202584
"225",0.0520847944803458,-0.0731274254466574,-0.0343181515768694,0.0558659291801047,-0.0439296396030634,-0.0767022392856969,0.038893905301461,-0.00704332397759918,-0.00355051657778549,-0.0541856688663513
"226",0.0522573523724058,-0.0703515809590407,-0.0179094948575991,0.0408096845968098,-0.0679207834978857,-0.0668392887533639,0.0698288505594954,-0.00864368120177611,-0.000278251524801526,-0.0398832687629553
"227",0.052113245389662,-0.0772645579798985,-0.0221799315133075,0.0154769669893593,-0.0699836067563128,-0.0131747928583297,0.0369332418201441,0.0155192892177492,0.0292430058360544,-0.109598177803818
"228",0.0521496106279915,-0.0771133032117793,-0.0248176342506665,0.00982462695558802,-0.0713746018190561,-0.0166096125181961,0.0416807191718731,0.0101451408213608,0.0225919044093475,-0.116771022730531
"229",0.0521564025858759,-0.0772027691220787,-0.0242843211541431,0.00956343870692094,-0.0717915730635518,-0.018729418313163,0.0420854127360343,0.00938180521520682,0.0239498363095011,-0.118924936846156
"230",0.0521465777943535,-0.0774530386669548,-0.0246032750001611,0.00965095916820477,-0.0716611469876142,-0.0183355441805804,0.0427723764798022,0.0101007562573883,0.0216760718963431,-0.119863808227925
"231",0.0521120437817264,-0.0770579831368323,-0.0248978716288341,0.00977201002113748,-0.071641863088661,-0.0176528445543213,0.040590064353321,0.0112863845598913,0.0216672497646962,-0.12132973706416
"232",0.0520889261013884,-0.0770256760119105,-0.0237197687082223,0.00784700376282464,-0.0720301716135892,-0.0133869617502573,0.0391919943664311,0.0101612257693527,0.0193525261825655,-0.117457852036692
"233",0.0521629494123847,-0.0761654608483318,-0.0196502620636487,0.00471371075376668,-0.0738450095457864,-0.0118596074331268,0.0274428570780521,0.014022228456961,0.0190542772032914,-0.118436382932949
"234",0.0521284708443472,-0.0759900455183064,-0.0194351965212186,0.0046921221536948,-0.0745311448615259,-0.0146834871842106,0.0280963330498572,0.0143336629074275,0.0191594988767758,-0.119628264957932
"235",0.0520980009714468,-0.0762086438888182,-0.0194603841920172,0.00499461071861314,-0.0748170840557912,-0.0156312568767829,0.0292404105801248,0.0150357067489513,0.0204602804498746,-0.118714990940136
"236",0.0521986176944423,-0.0704404382017559,-0.0192524018899888,0.032928012016582,-0.0707417254602448,-0.0662008532627173,0.0726381078274997,-0.0176019081760305,-0.0131814439480983,-0.0398770900857024
"237",0.0521820808064262,-0.0705265590941423,-0.0173759207791069,0.0311955510560083,-0.0692948888867028,-0.0655011468860787,0.066925467775706,-0.0120671050730855,-0.0138177864003702,-0.0432915717813934
"238",0.0522851576135946,-0.0695610778879076,-0.016655591982496,0.0303695959256714,-0.0673716237362167,-0.0628140325897869,0.0607738167028617,-0.0152010156655911,-0.0159803598779055,-0.0399866840555716
"239",0.0523279835057556,-0.0696119256027722,-0.0165619086337669,0.0302278642722528,-0.0669310337110205,-0.0651232681658692,0.0627418143956675,-0.0166034329968976,-0.0135930429766161,-0.0396057100544119
"240",0.0523369635007376,-0.0689479508936662,-0.0137024916193701,0.028407984357302,-0.0678511459619779,-0.0634356524078299,0.052843672397084,-0.012444683270847,-0.0113881694907146,-0.0434437223038066
"241",0.0523211818324523,-0.0698648549818317,-0.0154534469024946,0.0290194618472276,-0.0669878420788884,-0.0628004033735084,0.0620226395996357,-0.0206361065356591,-0.0133411218068846,-0.0390515314302408
"242",0.0523334360233204,-0.0692073316336661,-0.0139636981544808,0.0269885911832846,-0.0653692849008915,-0.0583747368341444,0.0565131683854937,-0.0266601998767927,-0.0167956453815373,-0.0311562769992866
"243",0.0523275037052611,-0.0696279012921284,-0.0137416531066349,0.0267755017860513,-0.0647506684230122,-0.0552514925738717,0.0553625193628618,-0.026545744757751,-0.0181043988426915,-0.0286651205509165
"244",0.0523506926388661,-0.0696327876049026,-0.0133640630237864,0.0269132205392508,-0.0647278689638084,-0.0563220072551056,0.054586556351183,-0.0274382789876468,-0.0151898980730697,-0.0281461014175787
"245",0.0523486376684001,-0.0699402741342263,-0.0115696983970387,0.0275370549412672,-0.0636939898020837,-0.0551368522345599,0.0536604240858026,-0.0261932635433171,-0.0162257492774425,-0.0266929365685251
"246",0.052350835851988,-0.0701448533217668,-0.0113781209778936,0.027574782965917,-0.0634521247609158,-0.0556444296219889,0.0546068266169086,-0.0266767450354669,-0.0155391015543162,-0.0268239829678789
"247",0.0523446547711312,-0.0702197394846211,-0.0118494056367175,0.027767127204495,-0.0636359641360261,-0.0562900481004096,0.0561074197990185,-0.0281453211513975,-0.0142948150241383,-0.0280098910159831
"248",0.0523359103281431,-0.0692374333928992,-0.0100355940849021,0.0244180053106308,-0.0656219024281414,-0.0536840768843695,0.0447764643616914,-0.0228533917963507,-0.0141947871350663,-0.0307632551866365
"249",0.0523052073158245,-0.0715249833820052,-0.00853880128357675,0.0262055814274507,-0.064557539597787,-0.0476171398248929,0.0525244863607168,-0.022363222622036,-0.0227009729754967,-0.0190353897863611
"250",0.0523394058508091,-0.071407518911756,-0.00950717020299018,0.0283431885145556,-0.0644696131030636,-0.0500378912381756,0.0577467016121598,-0.0268854644388409,-0.0190895527005238,-0.0229618377006545
"251",0.0523421662467166,-0.0714450507354947,-0.00936039408981313,0.0281300031398919,-0.0643601371443754,-0.0499168654844085,0.0576806617356188,-0.0268840025393518,-0.0196846099205817,-0.0221943423736699
"252",0.0523348090652239,-0.0715421163786266,-0.0091376949055501,0.0277682218594766,-0.0647168898688929,-0.0498008407182809,0.0568752550717528,-0.026225062013899,-0.0201768507824465,-0.021846290352954
"253",0.0510835818895543,-0.100389652702395,0.0165691286491841,-0.0612359757010835,0.0773817947190547,-0.0201912376930597,0.144207206696539,-0.0606872023830481,-0.06037398816701,0.0885869294926897
"254",0.0510044104242964,-0.107140097029519,0.0123934067435685,-0.0866772967658086,0.074572700981042,0.0282030495807052,0.110484850872705,-0.0364735356984326,-0.0276582483572407,0.0159169587128607
"255",0.0509746434028194,-0.10712760906358,0.0117113700564315,-0.0858943720679278,0.0755754100320494,0.0256368595845022,0.110600516405263,-0.0332590663467587,-0.0252918301757826,0.01603372341877
"256",0.0509561705023218,-0.107242148924572,0.0120610366625933,-0.0866408480642777,0.0758026197988699,0.0262965601219339,0.108632965701174,-0.0331748707177362,-0.0264163202132472,0.0157524348893234
"257",0.0510050021399067,-0.106831239258078,0.0135262937093262,-0.088344427562592,0.0758723763470254,0.0250551090499038,0.106076270361673,-0.0355892865302852,-0.0265305214847943,0.013210202849922
"258",0.0509643666952719,-0.107621444461981,0.0151157588446619,-0.0876212283008758,0.0774075794218556,0.0309467039183512,0.104321179174813,-0.0306215061232937,-0.0298517025836597,0.0172331996181363
"259",0.0509928048616434,-0.107737453432874,0.014849302513492,-0.0866417719829377,0.0779686250893282,0.0303647087831959,0.105170726234715,-0.0320038665247673,-0.0292035725265555,0.0159947612311755
"260",0.0509874112139565,-0.107705257477729,0.0152231814383067,-0.0869220275281042,0.0782053629960933,0.0291971288865084,0.104320026306255,-0.0331965555743454,-0.0281278021024979,0.0134153594939167
"261",0.0510144146708567,-0.10739319649894,0.0153639289650534,-0.0869211631839182,0.0778070569324948,0.028954026956733,0.10511484297272,-0.0320248385851065,-0.0274771887283526,0.0146698143854557
"262",0.051001150087517,-0.107137276272707,0.0156986156865461,-0.0879812481483171,0.0776329581995491,0.0291510544350971,0.103140308076465,-0.0349578625932157,-0.0243282021955123,0.0116218028117505
"263",0.0509712661917949,-0.106898090479546,0.0188236295346891,-0.0903860289168619,0.0772067985149735,0.034273115514689,0.0912811677512715,-0.0280159571960744,-0.0257164100664536,0.00987990199669493
"264",0.0507878849003722,-0.110559591178405,0.000481012685409564,-0.0745066002644103,0.103718527621162,0.0231143280290482,0.068577358088782,-0.0347387871382981,-0.030672253321012,-0.00584241457605445
"265",0.0503837585477088,-0.114415367213822,-0.0261361876026402,-0.0510255647938931,0.158191622160827,0.0167160207287472,-0.014555018299464,-0.0347159961496627,-0.0388955731949463,-0.0312994470387995
"266",0.050362720701319,-0.113964293218656,-0.0263084170343548,-0.0509567851165089,0.157477132325844,0.0155363301602027,-0.0148213170514839,-0.0356826272268312,-0.037884001874641,-0.0330106441212972
"267",0.0504034236186476,-0.11410262788457,-0.0256123394836649,-0.0512947943380388,0.158378642417038,0.0148401997424662,-0.0152762042746992,-0.0343051962460919,-0.0361528166707113,-0.0309878727590354
"268",0.0503575225511117,-0.114220121311846,-0.0241422928455483,-0.0512977576652229,0.159692484603662,0.0189853196523492,-0.0184360776140994,-0.0309486561858655,-0.0371773856372003,-0.0285260028165424
"269",0.0503624900469756,-0.114315978707392,-0.0241540606873783,-0.0507248728176533,0.159157541818603,0.0176944599055945,-0.0191714786644515,-0.0306449248210576,-0.0351727584298155,-0.030370454831393
"270",0.0503773309803368,-0.113134970420453,-0.021288093101614,-0.0532491863000464,0.158314443037393,0.013867454833679,-0.0360065294084411,-0.019267413836033,-0.0297612721039616,-0.0286876440818849
"271",0.0503884549262873,-0.113183589017687,-0.0204975414153358,-0.0531759563962927,0.158410410634217,0.0155941610147968,-0.0382543607668126,-0.0226528479743468,-0.0276174742325003,-0.0266695806534316
"272",0.050879650227627,-0.103957944628765,-0.0181360032516486,-0.03749092279185,0.127447742542821,0.00774762258707283,-0.0910926442754787,0.000606442802507823,0.00098791474468108,-0.0923795973011378
"273",0.0508534089212018,-0.104089947127606,-0.0175675667406977,-0.0376525813335183,0.127453442072472,0.0120546467779316,-0.0951166750199188,0.000758598039457118,0.000731046003571895,-0.089239552532172
"274",0.0507245389520751,-0.104756115828922,0.0118239058925197,-0.0183763943235127,0.128317106483214,0.0354520086130993,-0.142423760046639,0.0112200732656823,0.0516779046237083,-0.027117358412748
"275",0.050983577372246,-0.102939025563045,0.0263827085274829,-0.0306029200343348,0.100981771178003,0.0315298874417701,-0.101487980697756,0.0174079496887888,0.0619769329329833,-0.0223514669775165
"276",0.0513354586549588,-0.0982593795382763,0.0568226677758011,-0.0563141943369139,0.0471791714456999,0.0492076683000667,-0.0256953814324589,0.0110501656822683,0.0638533214604073,0.00735026348086722
"277",0.0513735433804561,-0.0982506924747294,0.0573786247115918,-0.0564328807027357,0.0469772722531185,0.050020820393841,-0.02529806321734,0.0126588586339442,0.0639631092072431,0.00899856821181616
"278",0.0513397648856751,-0.0985570879313924,0.0572070132351876,-0.0561796885249168,0.0455177182304186,0.0549058255026959,-0.0237440499569353,0.0124289478794034,0.0605473372870776,0.0118895461576529
"279",0.0513555884079728,-0.0987634110235764,0.0569762155121659,-0.054460523256203,0.0459521731450098,0.0527740437160868,-0.0237674281114337,0.0154486152180544,0.0645515987098435,0.0169053642222377
"280",0.0513216711434302,-0.0996044542312223,0.0589100497278375,-0.0529765982577403,0.0439776176738781,0.0496304189041948,-0.0321483151807117,0.0178121397940271,0.0616621023361811,0.0330097363880798
"281",0.0513248348883092,-0.0994229277654872,0.0590698878673188,-0.0535313575252831,0.043366696390558,0.0497396400596478,-0.0326401968114776,0.0177501408904293,0.060483290182081,0.0347066034769036
"282",0.0513397065548678,-0.0995510475019755,0.0587215231736428,-0.0535469761058652,0.0430299696237293,0.0500701060676212,-0.0324792876362582,0.0174097021216879,0.0601181941272173,0.0361707486420639
"283",0.0512908197669812,-0.0998936816585405,0.058320714852263,-0.0539985320185098,0.0426798247217495,0.0524115596945628,-0.0357767197093643,0.0169950613380295,0.0595317433926887,0.0385442512132119
"284",0.0513181744428432,-0.099951129113458,0.0586869293409667,-0.0535877408725332,0.0424749425012359,0.0517110663084238,-0.0356241497347289,0.0170842541231397,0.0603825452957202,0.0376902926319992
"285",0.0513116239036487,-0.0993911435611141,0.0602848115461766,-0.0536349752516295,0.0416802617879127,0.0474678678335372,-0.0378307056422695,0.0186027444811681,0.0628451216773053,0.0382491531601271
"286",0.0519454419541082,-0.0775931118375486,0.0520482708052128,-0.021259433153328,-0.0257644522863519,-0.0071770404928922,-0.0692144018746372,0.0343424849630274,0.0290687124820194,-0.000955059463717022
"287",0.0519511009809007,-0.0774199315682348,0.0521992536881719,-0.0212035942439096,-0.0265205464491424,-0.00795679876169239,-0.0689836712905007,0.0352543539211163,0.0298865061390239,-0.00099901713678256
"288",0.0519626537008108,-0.0768463448616093,0.0537787788908168,-0.0222622949096355,-0.0257249179810677,-0.00558429463816258,-0.0744711838257628,0.0379836420174823,0.028978399355737,0.00114167872649972
"289",0.0519756876874832,-0.0768591744184723,0.0539311596871692,-0.0219506679362438,-0.0255953576552694,-0.00627625496890377,-0.074505791145195,0.0387282965263597,0.0292169284095524,0.00196471244823267
"290",0.0520328878880681,-0.0789689110918117,0.0343455950903529,0.0197385396884485,-0.0699907551012352,0.0274252847867714,-0.075710768523364,0.0351023748666071,0.0753312982999938,-0.00243260988585922
"291",0.0520454306740276,-0.0786767973384227,0.0346356004425,0.0206120837047385,-0.0703102665154616,0.0283317388864979,-0.0750467422198733,0.0353494827639687,0.0743332324655386,-0.0019160844228267
"292",0.0520313182139264,-0.0784652496182002,0.0346405298150352,0.0212501802929389,-0.0702579984757415,0.0296968131081811,-0.0743050763363763,0.0371876081680742,0.0704811903911794,-0.000443335481294396
"293",0.052000946269231,-0.0784813889914408,0.0350601233523336,0.0198230156887113,-0.0704652801397217,0.0306505457606929,-0.0782141272347126,0.0383390921837937,0.0721099962166817,0.00126101542975294
"294",0.0520042484611038,-0.0789195983512999,0.0345638348226032,0.0218382619626889,-0.0715612724286815,0.0321080143598146,-0.0731195021361968,0.0372064452371298,0.0700348936289294,0.000250738451295191
"295",0.0520265337852538,-0.0785693511114566,0.0352715448143615,0.021421325971454,-0.0707170711807442,0.0277612035515921,-0.0760109960278097,0.0378245520175037,0.0732273094692466,0.00068272762746478
"296",0.0518976388583546,-0.0796329304801995,0.0396554955673206,0.0246782800990544,-0.0769873708403435,0.0254135222237571,-0.0997860149631219,0.0379718165260114,0.0515243198916008,0.04089237064509
"297",0.051963833546179,-0.0729009170801766,0.0441458173955492,0.0507670840392438,-0.0754389480021812,-0.0242576434995555,-0.0688687277628641,0.0164691313343015,0.0164239137421268,0.113668514157069
"298",0.0519307818008319,-0.0727074600448157,0.0439891559260069,0.0506189327156667,-0.0752813009026358,-0.0206081053302447,-0.0701198879981769,0.0154282289953609,0.012419231153894,0.113887075839577
"299",0.0519648813805888,-0.0729575147423631,0.0433896320542194,0.0512630911819697,-0.0767236853299425,-0.0201808959181591,-0.0653831484170158,0.0151453713177311,0.0109491644534424,0.114659160323189
"300",0.0519549315955962,-0.072456023979871,0.0438307547226612,0.0510655479892869,-0.0770703900830207,-0.0219823982893354,-0.0650191733149054,0.0137607598023525,0.0122027559617064,0.113952396989227
"301",0.0519165604611628,-0.0675110784460771,0.0410271605936358,0.0374947948976068,-0.0884493588180108,-0.0137393694063346,-0.0813033793485756,-0.0184612209818984,0.0169308802177518,0.125605242082798
"302",0.0519382092271837,-0.0675669170662514,0.0411140359585203,0.0373521878829729,-0.0881001033291282,-0.013338687663955,-0.0812705552628342,-0.0193611727717159,0.0169323159033061,0.127196338040346
"303",0.0519429952463287,-0.0674397643944492,0.0417522815212911,0.0372593878362655,-0.0880277818059254,-0.0142581458836971,-0.0813447067003263,-0.0186777869043892,0.0171964530692935,0.126545090000771
"304",0.0518836788983411,-0.0674457926435043,0.0432247068583847,0.037118973093895,-0.0884946870600633,-0.0100399543327149,-0.0876768239533786,-0.017433712089723,0.0128357196291935,0.133887965848222
"305",0.0518869855989698,-0.0676723713133524,0.0429314541659098,0.037985179008997,-0.0885414169030052,-0.0109253364119919,-0.087253715231028,-0.0169188365501058,0.0116857263384107,0.13272160618051
"306",0.0519822288296839,-0.0720964607957216,0.045871958817242,0.0505872050696391,-0.0779508777511733,-0.021006080672689,-0.0691655013210024,0.0143162111295933,0.00624221293114621,0.121686092762189
"307",0.0518361057475441,-0.0703434626144951,0.054427798186194,0.0575728325595772,-0.0769850298586722,0.00045616467201268,-0.051397498621209,0.0415735748906599,-0.0208652517752435,0.0965032482003612
"308",0.0517877188668171,-0.0689686103707989,0.0579169998627416,0.0616357484327976,-0.0748734046437313,0.011710714598822,-0.0397381174194327,0.0549887464506298,-0.0370051491632426,0.0825657922460102
"309",0.051754950790991,-0.0542501920258753,0.0856993394543841,0.028854290576604,-0.0501910364671627,-0.0548793556453488,-0.118268313353624,-0.0569440570968267,-0.122576795181595,0.0313202360760757
"310",0.0517699956129971,-0.0539218571382799,0.0851688974699952,0.029224279631768,-0.0497936780575376,-0.0554696740480443,-0.117069373471753,-0.056276780345757,-0.124977636651669,0.0315938609940014
"311",0.0517856691767708,-0.053126063470819,0.0859417108548667,0.0286892512153461,-0.0498410094152818,-0.0586258961998821,-0.1173758500512,-0.0553835545932653,-0.124324076134322,0.0289471390374408
"312",0.0518151020390931,-0.0525854532339053,0.0870066223371355,0.0278644689382562,-0.0490442622974559,-0.0588135486796849,-0.120516569165464,-0.0531925543668644,-0.123848058784382,0.0307713359412752
"313",0.0517834332369913,-0.0525010966729925,0.0870854159028394,0.0274968294027805,-0.0483618985632154,-0.0572566006230348,-0.122272024804205,-0.0529087408577887,-0.127397255022059,0.0298582364805919
"314",0.0517681421475934,-0.0514987663266299,0.0890089536674355,0.0272753040680004,-0.047430649086438,-0.0558662164008832,-0.122234642692129,-0.04728120228427,-0.125015181514654,0.0291885017667898
"315",0.0517903259315911,-0.0514165915657163,0.0885538864500933,0.0276225744761065,-0.0470965247832151,-0.0571092136033853,-0.121028017222199,-0.0470272863879073,-0.125076178478684,0.0278032941907688
"316",0.0523284658883324,0.0272230924442373,0.0649812109406126,0.0328076125389495,-0.00921161351656307,0.0163279439782163,-0.0881085402046626,0.0113399491195192,-0.118685581989478,0.0718210676853898
"317",0.0523040709427952,0.0271383315373399,0.0653488872614982,0.033700081104232,-0.00832252518643115,0.0174285106329152,-0.0879271082140264,0.0128517841956146,-0.120784296584589,0.071691510469942
"318",0.0522715837089949,0.0273536109570444,0.064055909262973,0.035227489829539,-0.00696170094022854,0.0175608956148724,-0.0858085245885686,0.0173970765556153,-0.121133577683297,0.0729243715358756
"319",0.0521827386525395,0.0269922609319224,0.0777123926684972,0.0626816413383929,0.00921352556275026,0.0532851310789098,-0.0150051982352799,0.0659494179178832,-0.101292457201214,0.0589991434517825
"320",0.0522536362224443,0.0271786764346602,0.0792605162845422,0.0609809887114292,0.0080820869607276,0.0525411039279411,-0.0134549490270972,0.0629217158591786,-0.0988259921619845,0.0529026545913068
"321",0.0522742907546307,0.0278192968537998,0.0803734641066138,0.0607118373183437,0.00820741055626037,0.0503668398042988,-0.0130868218770663,0.063238951715232,-0.0958174550051039,0.0529148859918112
"322",0.0524249140961215,0.0293814806564412,0.0760061960696273,0.0575007483970197,0.0151386556753234,0.05425625023496,0.0124296058823468,0.0634052523012129,-0.0732889358087157,0.00964235937797591
"323",0.0524277960503706,0.0297090488009367,0.0766045522056897,0.0571011172068991,0.0151305167375636,0.0548641027837864,0.0121142699870376,0.0635275104100104,-0.0727188789733381,0.00974832943654657
"324",0.0523771525507005,0.0296828291533994,0.0769873664328348,0.0552877563273918,0.0138081542047469,0.0603876303155909,0.0111425710383649,0.0663723327227877,-0.0777338385949909,0.0126540331222416
"325",0.0524356107338449,0.0307932959941579,0.0734111312999086,0.0572762411583554,0.0157928232785675,0.0592538547065033,0.0269827376808158,0.0625691546172115,-0.0720550894251123,-0.00845697627592936
"326",0.0524913437211861,0.030833924235989,0.0738494488822344,0.0568179871761169,0.0155904731038163,0.0564958258728636,0.0277764591311536,0.0604988912517645,-0.0668568958700006,-0.0133589704628897
"327",0.0524854966139276,0.0311642792827145,0.0742119289713729,0.0567155130176684,0.0156407390335597,0.0571495900744132,0.0283181039107502,0.0613334040989357,-0.0676999753567406,-0.0147807543331165
"328",0.0525017674627906,0.0322221767730839,0.0718228316382968,0.0559712574699288,0.0172647116885709,0.0566093117050837,0.0397315835523447,0.0579281946207374,-0.0627821892938869,-0.0301665491914352
"329",0.0524960755314582,0.0319964983452444,0.071855971103902,0.0555433471815049,0.0177213036181987,0.061187811262982,0.0385231801880716,0.0568519974579194,-0.0647553359493615,-0.0268627149073809
"330",0.0524801555576691,0.0321955707100491,0.0717109805747334,0.0558283790861895,0.0171379222575329,0.0595400199356038,0.0388535030018776,0.0584790520787447,-0.0634076759082407,-0.0286197066091705
"331",0.0525355109044211,0.0321372088249434,0.0719915324641096,0.0554098932598357,0.0172163482069579,0.057822669863182,0.0395060970515371,0.0558031021794227,-0.0607766555482495,-0.0282649516420571
"332",0.0525441727050669,0.0178491697220295,0.0301248638717682,0.0605583122130358,-0.0245444112078572,0.0976377984464063,0.0443473064804534,0.121031714701712,0.00091849558673454,0.0387311075862174
"333",0.0525096901129289,0.0324636216053255,0.0722518687338053,0.0552820411968921,0.0168391693214455,0.0579480734252663,0.0394543110615135,0.0562088088909906,-0.060544617323311,-0.0284186574056519
"334",0.0524685316406097,0.0323508998229646,0.0718466259929079,0.0553399092267397,0.0169566901145953,0.0621436552112685,0.0371192656984773,0.0540890575707082,-0.0630157837013926,-0.0289116176478958
"335",0.0524966137639239,0.0324806405433399,0.0720325224679403,0.0556009606770157,0.0167704607441222,0.0605677557789251,0.0384877336589465,0.0566811889522285,-0.0622703896620144,-0.0283100498827971
"336",0.0525484436503102,0.0326334937438031,0.0721352959552193,0.0545151205172248,0.0165405645296887,0.0575574228933755,0.0406914190987681,0.0541491118210366,-0.0593972769367143,-0.0300210609906701
"337",0.0525452062239606,0.0327237077290179,0.0720665263596984,0.0543965207224871,0.0165056359750504,0.0575817837869539,0.040253106984315,0.0539892728586779,-0.0595316915338336,-0.0301380658113999
"338",0.0525493115444456,0.0328961787617585,0.072290881876873,0.0543303933907212,0.0165833131936251,0.0566953038113208,0.0400828061064601,0.0533759948211059,-0.0572655285721724,-0.0319428651388057
"339",0.0525022172741936,0.0332021401114523,0.0726212325152889,0.0538115844516009,0.016662050154157,0.060160787485923,0.0392148026927443,0.0525000432532143,-0.0565348243258937,-0.0324270479164977
"340",0.0525417677136635,0.0332092020949471,0.0722627115228566,0.0537141968000584,0.016707022493305,0.0569485705693,0.0394398208431321,0.0511346266267687,-0.0522732408227468,-0.0328110439315575
"341",0.0525634979950037,0.0334067790268227,0.0721534473030566,0.0535706527308395,0.0167399899542772,0.0545797375082021,0.0404023603643116,0.0502164840490168,-0.0507507044629857,-0.0341054828131517
"342",0.0525591443174516,0.0334330657904391,0.0724173946934915,0.0533577824769997,0.0167011465318198,0.0545017602444138,0.0398605905356069,0.0499760101182417,-0.0493608876971627,-0.0346975518194498
"343",0.052477475716038,0.0336415536345653,0.0723515132576506,0.0534188901940247,0.0159478857051477,0.0545318538458292,0.0410549838737977,0.0502735068989916,-0.0503516011086778,-0.0371006203284815
"344",0.0524248477297341,0.0338372738677865,0.0726630047125519,0.0523988957572022,0.0163601314249384,0.0580773341001628,0.0391075611197281,0.0490887082621229,-0.0500867939155057,-0.0363872065711229
"345",0.0525367881547647,0.0338871543136867,0.0722226707841647,0.0524112821843595,0.0170306413275783,0.056532689589939,0.0398431173235659,0.0485991578102189,-0.0485485676280637,-0.0355700004365202
"346",0.0525566341062521,0.0341343073624247,0.0722375880469076,0.0520264877928617,0.0170434572118314,0.0535132342191571,0.040680487531722,0.0470825087867198,-0.0454023881593513,-0.0376411887339429
"347",0.0525773877252438,0.0331507634207584,0.0685347368395072,0.05338141883062,0.0182068087440542,0.0486929454338343,0.0497359065621408,0.0382650302660919,-0.0390871033499918,-0.0375613519533001
"348",0.0524708505738339,0.0336775129489874,0.0686275622329649,0.0531159287946298,0.0175280587435288,0.0498623349129268,0.0518931601512568,0.0390459505111625,-0.0403849473153666,-0.0398288938263104
"349",0.0525280932104748,0.0335035447509459,0.0693398817856598,0.0523851665838616,0.0199143804101957,0.0515519534449511,0.0468530198232647,0.0402123558260019,-0.0379545212972848,-0.0377592617303391
"350",0.0524828030640853,0.0354875134741074,0.0700637054134372,0.0520495926156648,0.0213013555778664,0.0481751638044067,0.0468290786597857,0.0392771187178535,-0.0215707872794409,-0.0342192853800942
"351",0.0524950181369215,0.0362045810318821,0.0704639556912349,0.0508618529859582,0.0213150006168298,0.0434303997708977,0.0466740538497357,0.0373303006084507,-0.0137932337553559,-0.037629687600296
"352",0.0518639551191274,0.0158582107275247,0.0825581119572254,0.0161053199165646,0.089634091924538,0.101407907744564,0.0681697738420769,0.0263584022535101,0.0237249000398313,-0.00364934432641572
"353",0.0518694295451418,0.0159056162012113,0.0825387708533184,0.0163246088133703,0.089858027159882,0.101240403556722,0.0692877048912708,0.0277213018485104,0.0233219822820842,-0.0029622317173812
"354",0.0518433717278002,0.0157952894789551,0.0820649252824671,0.0155822263348875,0.0900967665592619,0.10318812222396,0.0680975107037868,0.0267291954457668,0.0240249332794087,-0.0037646981942265
"355",0.0525005559355669,0.036709655145363,0.0730222955838694,0.0477106883465971,0.0200177595205135,0.0456743667216148,0.0350974449097788,0.042969601297885,-0.0118109405996089,-0.0424531849548536
"356",0.0523698416278415,0.0415820376982832,0.0743459166508582,0.0464312401990311,0.0201057352614038,0.0410875641845458,0.0350732929191723,0.0159593782539479,0.0341461412456538,-0.0531532472727666
"357",0.0523730972518831,0.0415754763809875,0.0742276049254648,0.046444553466584,0.0201663842186418,0.0417242515897313,0.0344828760088026,0.0154875050944547,0.033380205451132,-0.0523636785445412
"358",0.0524041624352166,0.0415590730148286,0.0735073944166118,0.0457911787447641,0.0204732748407708,0.0404043136982688,0.0356836158730013,0.0122859115259991,0.0361765619200134,-0.0525082204226413
"359",0.0523828850739817,0.0414320553789126,0.0737291743784086,0.0458660791451085,0.0208955773337685,0.0430710153217774,0.0345440213956991,0.0135105815636521,0.0346043335416764,-0.051188332550206
"360",0.0523908076958411,0.0413873467843571,0.0736512963083223,0.0459922374452076,0.0209985134304119,0.0422531922497528,0.0352411432999911,0.0136800068308631,0.0344726429289797,-0.0523908705824333
"361",0.0523851821395329,0.0417563777073793,0.0736695959741677,0.04608918994726,0.0202382139469623,0.0403636159324712,0.0358058826955093,0.0139918334585116,0.0350612343153906,-0.0536518504130075
"362",0.052380442698626,0.0418215549925692,0.0731978022873791,0.0460131718253831,0.0204279673108052,0.0396789018684457,0.0368805802809527,0.0116803954572545,0.036084354039452,-0.0541795173075236
"363",0.0523893033638672,0.0420611624060556,0.0725427909040494,0.0456572977435104,0.0199739950073784,0.0376207986233349,0.0370770057229803,0.0111258086175026,0.0380805955637454,-0.0552897648514498
"364",0.0526074644020086,0.0428443550191701,0.059355667232218,0.0246995789490152,0.0116036685015733,0.00130086774578433,0.00203816796723508,-0.0526400922541292,0.0935268544455446,-0.0157103709400704
"365",0.0525424373870488,0.0426465049466045,0.0589687932756122,0.0243594073543217,0.011757019741688,0.00339378176348727,0.000784434941462426,-0.0534585953722307,0.0944926147127814,-0.014126350967452
"366",0.0450826831313758,0.00426247772411724,0.0141022904926804,-0.0157393109910057,0.219109615093867,-0.0104902292226246,-0.0614953464313458,-0.00766918098264949,0.134541838459734,0.33732340021819
